{
    "hero": {
        "greeting":"Welcome!",
        "introduction": "I am Gurwinder Singh. Game Programmer. I am excited to work with you",
         "img_background": "https://lh3.googleusercontent.com/TuBxXDSah7QrTZmssps8nZhINIcBX5UYphBWNwY0AMDC3auJlJdaCsTnrWiOPlQU7uAfKuJB1ekuMpHsf_hOfQHggA",
         "img_profile":"https://lh3.googleusercontent.com/LvZJlBa1POt71DC6ScHWvWntAS9iVO1hqlcCKz_6Gx8PZ6L09d3Y4Nf5Xdk7-yyy1tCs751q6w7WtaUAzI9xPBNN"
        },
    "projects":{
        "header":"My Projects",
        "subholder": "Have a look at my work!"
    },
    "service": {
        
        "img_1": "https://lh3.googleusercontent.com/gZw2gibFTxpbeh3Ib9NDIZomVup18pX27yBJb7PVvLT-ickH9EsbFjcs0VhQQYJ_LT9mUUnJjRarz_CaZDxoRsP7",
        "img_2": "https://lh3.googleusercontent.com/t4qKJLlVGyrQDwvUH6R9fDE9_J3gYgwL7qEoogrCuFLGn2Kkv0XEsj4-_bPXiYJP0JMZ6cuvHueX2M79vEJTjFFfASY",
        "img_3": "https://lh3.googleusercontent.com/uOsmQSUxTHHpkXB2B-MJk5FJK16xSEmmr_8qcbjXpkfg7udbyjYugMTe9Thq7fa3iMQe94TmcxKGKt20Jxk3m3b0ow",
        "img_4": "https://lh3.googleusercontent.com/wV5ezHwg-P-WEeG1pesrNpNBSDATqnTxr4ZTah_wld3ZXW-DbVmAXeAfq5qlyH6OvuKZttRF0nn2K0aaV8SvcI967Q",
        "img_5": "https://lh3.googleusercontent.com/G23HGLZX7yNkzKWDe8oXRjIGgfznxgg-jKNTmtD2L4MMRPrSuI-77FcNJTK3xEyT2AbOfumIysFx-U3A78TxwbJQyw",
        "img_6": "https://lh3.googleusercontent.com/MJwNNAhQaXFPTjlofNHh8wcL7Aftu4h0yDP5FTrGC5WZsb9iL9vEIn14Tlgh4K_1y3JIuGh13A1zVw7vdnJW23pLtZ0"
    }, 
 "contact": {
     "header" :"Let's Do Work Together!",
     "subheader" : "Fill out the form below, I will come back to you right away"
 }
    
 }    